<?xml version="1.0" encoding="utf-8"?>
<extension type="module" version="3.2.0" client="site" method="upgrade">
	<name>mod_mpoll</name>
	<author>DtD Productions</author>
	<creationDate>March 2009</creationDate>
	<copyright>Copyright (C) 2013-2019 DTD Productions</copyright>
	<license>http://www.gnu.org/licenses/gpl-2.0.html GNU/GPL</license>
	<authorEmail>info@dtdpro.com</authorEmail>
	<authorUrl>www.dtdpro.com</authorUrl>
	<version>1.14.0</version>
	<description>MOD_MPOLL_DESC</description>
	<files>
		<filename module="mod_mpoll">mod_mpoll.php</filename>
		<filename module="mod_mpoll">mod_mpoll_ajax.php</filename>
		<folder>tmpl</folder>
		<filename>helper.php</filename>
		<filename>index.html</filename>
	</files>
	<languages>
		<language tag="en-GB">en-GB.mod_mpoll.ini</language>
		<language tag="en-GB">en-GB.mod_mpoll.sys.ini</language>
	</languages>
	<config>
		<fields name="params">
			<fieldset name="basic" addfieldpath="/administrator/components/com_mpoll/models/fields">
				<field name="poll" type="polls" label="MOD_MPOLL_FIELD_POLL_LABEL" description="MOD_MPOLL_FIELD_POLL_DESC" required="true" class="inputbox form-select" />
				<field name="showtitle" type="radio" default="1" label="MOD_MPOLL_FIELD_SHOWTITLE_LABEL" description="MOD_MPOLL_FIELD_SHOWTITLE_DESC" class="btn-group">
					<option value="0">No</option>
					<option value="1">Yes</option>
				</field>
                <field name="showdesc" type="radio" default="0" label="MOD_MPOLL_FIELD_SHOWDESC_LABEL" description="MOD_MPOLL_FIELD_SHOWDESC_DESC" class="btn-group">
                    <option value="0">No</option>
                    <option value="1">Yes</option>
                </field>
				<field name="submitbuttonalign" type="radio" default="center" label="MOD_MPOLL_FIELD_SUBMITALIGN_LABEL" description="MOD_MPOLL_FIELD_SUBMITALIGN_DESC" class="btn-group">
					<option value="center">Center</option>
					<option value="left">Left</option>
					<option value="right">Right</option>
				</field>
				<field name="showresults" type="radio" default="1" label="MOD_MPOLL_FIELD_SHOWRESULTS_LABEL" description="MOD_MPOLL_FIELD_SHOWRESULTS_DESC" class="btn-group">
					<option value="0">No</option>
					<option value="1">Yes</option>
				</field>
				<field name="showresultslink" type="radio" default="0" label="MOD_MPOLL_FIELD_SHOWRESULTSBTN_LABEL" description="MOD_MPOLL_FIELD_SHOWRESULTSBTN_DESC" class="btn-group">
					<option value="0">No</option>
					<option value="1">Yes</option>
				</field>
				<field name="resultsas" type="radio" default="count" label="MOD_MPOLL_FIELD_RESULTSAS_LABEL" description="MOD_MPOLL_FIELD_RESULTSAS_DESC" class="btn-group">
					<option value="count">Count</option>
					<option value="percent">Percentages</option>
				</field>
				<field name="submitvia" type="radio" default="count" label="MOD_MPOLL_FIELD_SUBMITVIA_LABEL" description="MOD_MPOLL_FIELD_SUBMITVIA_DESC" class="btn-group">
					<option value="ajax">AJAX</option>
					<option value="component">Component</option>
				</field>
				<field
						name="menuitem"
						type="menuitem"
						label="MOD_MPOLL_FIELD_MENUITEM_LABEL"
						description="MOD_MPOLL_FIELD_MENUITEM_DESC"
						default="0"
						filter="integer"
				>
					<option value="0">-- Select Menu Item --</option>
				</field>
			</fieldset>
			<fieldset
				name="advanced">
				<field
					name="layout"
					type="modulelayout"
					label="JFIELD_ALT_LAYOUT_LABEL"
					description="JFIELD_ALT_MODULE_LAYOUT_DESC" />
				<field
					name="moduleclass_sfx"
					type="text"
					label="COM_MODULES_FIELD_MODULECLASS_SFX_LABEL"
					description="COM_MODULES_FIELD_MODULECLASS_SFX_DESC" />
				<field
					name="cache"
					type="list"
					default="0"
					label="COM_MODULES_FIELD_CACHING_LABEL"
					description="COM_MODULES_FIELD_CACHING_DESC">
					<option
						value="0">COM_MODULES_FIELD_VALUE_NOCACHING</option>
				</field>
			</fieldset>
		</fields>
	</config>
	<updateservers>
		<!-- Note: No spaces or linebreaks allowed between the server tags -->
		<server type="module" priority="1" name="DtD Pro - MPoll Module">http://update.ditzthedaisy.com/mod_mpoll.xml</server>
	</updateservers>
</extension>
